0,https://www.youtube.com/results?search_query=Online+streaming+crimes,Online+streaming+crimes
1,https://www.youtube.com/watch?v=rOaBZeWUs3Y,WATCH LIVE: Rapper YNW Melly Double Murder Trial â€” FL v. Jamell Demons â€” Day Five
2,https://www.youtube.com/watch?v=j23qr_q_SWg,"24/7 Live Stream of True Crime, Cold Cases & Murder Mysteries..."
3,https://www.youtube.com/watch?v=2_UqNO0qaFI,Mother of 3 murdered and dismembered after online date
4,https://www.youtube.com/watch?v=icbllIU-gM8,ðŸ”´ FBI Files Season 2 Livestream | Criminal Masterminds ðŸ”ŽðŸ”¬ | Real Stories
5,https://www.youtube.com/watch?v=aJIxssPNGCM,WATCH LIVE: Rapper YNW Melly Double Murder Trial â€” FL v. Jamell Demons â€” Day One
6,https://www.youtube.com/watch?v=o5XBLw_RlWo,YouTuber Faked Livestream to Cover for Horrific Crime | Natalie McNally
7,https://www.youtube.com/watch?v=p4-QxEgp8fg,Massacre Near Disney World: Todt Family Murders Case (Prime Crime)
8,https://www.youtube.com/watch?v=w9uDDFDZBkA,Cherish Perrywinkle: Unspeakable Crime Caught on Tape | Prime Crime | A&E
9,https://www.youtube.com/watch?v=hMcdMrfsX54,WATCH LIVE: OnlyFans Stalker Trial â€” NH v. Mauricio Guerrero â€” Day Two
10,https://www.youtube.com/watch?v=ihtZMBq-GDI,The Pike County Massacre | Full Episode | Hometown Tragedy: A True-Crime Series | Very Local
11,https://www.youtube.com/watch?v=QVX7df79BNo,CRIMES OF THE FUTURE - Official Teaser
12,https://www.youtube.com/watch?v=jRNNQuFqRK8,GTA Online: The Criminal Enterprises Livestream (No Commentary)
13,https://www.youtube.com/watch?v=r0oSMPZjbbc,The terrifying videos of cyber-stalker Patrick Macchione
14,https://www.youtube.com/watch?v=uLX_gQVsCK4,Delhi Crime: Season 2 | Official Trailer | Netflix India
15,https://www.youtube.com/watch?v=lLxjD5Py45U,Crime Watch Daily: Behind the Online Crime of Sextortion
16,https://www.youtube.com/watch?v=YJU7RU0QdPI,Man visits escort after pushing wife down stairs and stabbing her 15 times
17,https://www.youtube.com/watch?v=VOBgE10sEQE,Hansen Vs Predator: Former Mail Carrier Sting - Crime Watch Daily
18,https://www.youtube.com/watch?v=G6x51SSUOnE,WATCH LIVE: Roommate Romance Murder Retrial - FL v. Eric Robinson - Day Two
19,https://www.youtube.com/watch?v=QEijgVViWpw,Dark Crimes - Official Trailer
