0,https://www.youtube.com/results?search_query=twitch+employees+criminals,twitch+employees+criminals
1,https://www.youtube.com/watch?v=NaiT_fh-qg8,Streamer Gets Harassed By Twitch Staff
2,https://www.youtube.com/watch?v=PaKQoG8mdiI,Twitch Staff HARASSES Streamer Live And Humiliates Himself...
3,https://www.youtube.com/watch?v=ihhgZlD5Uuo,Actual Crimes Streamed on Twitch
4,https://www.youtube.com/watch?v=NHYcu2TQoGQ,Streamer Gets Attacked By Twitch Staff Live..
5,https://www.youtube.com/watch?v=eOdrwIbyYIQ,"Twitch Staff Hijacks Chat, Causes Streamer To End Stream"
6,https://www.youtube.com/watch?v=L52GGwMvwQs,Crimes Caught on Twitch...
7,https://www.youtube.com/watch?v=nFeQoWIcE60,The Many Degenerates of Twitch
8,https://www.youtube.com/watch?v=z5Mxci-IuLQ,A Twitch Employee Stole My Work then Blocked Me
9,https://www.youtube.com/watch?v=lAIobJO-94Y,Twitch Staff Literally Harassed A Streamer While He Was Live
10,https://www.youtube.com/watch?v=ZIh1JHImAho,From Twitch.tv's Most Wanted Hacker To Prison
11,https://www.youtube.com/watch?v=ZN0UOB7UNaQ,How Can Someone Be This Dumb
12,https://www.youtube.com/watch?v=sGbgNta63_0,Most Interesting Criminal Ever
13,https://www.youtube.com/watch?v=aQm25YR-97U,'Don't Play with Me': Woman Punched in the Face by Target Manager After Charging at Him
14,https://www.youtube.com/watch?v=ppSwfOtLR1Y,Most Pathetic Man Ever
15,https://www.youtube.com/watch?v=P27Jz3u626w,Destiny Denied by Twitch | xQc Gets KICK Warning from STAFF
16,https://www.youtube.com/watch?v=l53JXi0E05A,Most Ridiculous Ban on Twitch
17,https://www.youtube.com/watch?v=HHoZITnEi8U,Twitch Is In Huge Trouble
18,https://www.youtube.com/watch?v=wG-F8Gp7jUY,Top 5 Twitch Streams GONE HORRIBLY WRONG!
19,https://www.youtube.com/watch?v=hQhtyBV3_Hs,The Truth About Twitch's Suic!de Finally Revealed
