0,https://www.youtube.com/results?search_query=Twitch+illegal+betting+exposed
1,https://www.youtube.com/watch?v=p8yfCJ6Ivl8
2,https://www.youtube.com/watch?v=56jXFjGRhiw
3,https://www.youtube.com/watch?v=a7kGifh-3Ds
4,https://www.youtube.com/watch?v=8Peydvtuw_o
5,https://www.youtube.com/watch?v=YGfW5U7d8sc
6,https://www.youtube.com/watch?v=sFfbV-mL5W0
7,https://www.youtube.com/shorts/dqwwQ8r0rV4
8,https://www.youtube.com/watch?v=flFt_nlmPbE
9,https://www.youtube.com/shorts/A1k_y_VDU2g
10,https://www.youtube.com/watch?v=4kHkYC3QC3U
11,https://www.youtube.com/watch?v=AOsxHFK7qgE
12,https://www.youtube.com/watch?v=ObDAXqg9O3U
13,https://www.youtube.com/watch?v=GTqAQ-vdvAo
14,https://www.youtube.com/shorts/8CDTeSBqIXU
15,https://www.youtube.com/shorts/fDMmqyZz3UI
16,https://www.youtube.com/watch?v=7JQfc5qnDvs
17,https://www.youtube.com/shorts/YhV_jrN0oA4
18,https://www.youtube.com/watch?v=HTO_Q-hwCuM
19,https://www.youtube.com/watch?v=FSfmEBGivkQ
