0,https://www.youtube.com/results?search_query=twitch+illegal+gambling
1,https://www.youtube.com/watch?v=p8yfCJ6Ivl8
2,https://www.youtube.com/watch?v=sFfbV-mL5W0
3,https://www.youtube.com/watch?v=56jXFjGRhiw
4,https://www.youtube.com/watch?v=flFt_nlmPbE
5,https://www.youtube.com/watch?v=i2nSB79fc4Y
6,https://www.youtube.com/watch?v=ObDAXqg9O3U
7,https://www.youtube.com/watch?v=g2LU5IzGOak
8,https://www.youtube.com/watch?v=9sYP0eKr-Ew
9,https://www.youtube.com/watch?v=vtBVknMEetM
10,https://www.youtube.com/watch?v=S31P64Fy1UA
11,https://www.youtube.com/watch?v=YGfW5U7d8sc
12,https://www.youtube.com/watch?v=4kHkYC3QC3U
13,https://www.youtube.com/watch?v=Y6Sz9pUwvzU
14,https://www.youtube.com/watch?v=mFwK7ZQds9c
15,https://www.youtube.com/watch?v=iWc5U12h-4g
16,https://www.youtube.com/watch?v=08Qt8OgQCrY
17,https://www.youtube.com/watch?v=iYUv0IV-D3Y
18,https://www.youtube.com/shorts/A1k_y_VDU2g
19,https://www.youtube.com/watch?v=AOsxHFK7qgE
