0,https://www.youtube.com/results?search_query=Twitch+streamer+lawsuits,Twitch+streamer+lawsuits
1,https://www.youtube.com/shorts/QJcvv795PMI,Dr Disrespect SLAMS Twitch Streamers
2,https://www.youtube.com/shorts/whldUkYGIfA,Is Twitch Out For Kick?
3,https://www.youtube.com/watch?v=mFwK7ZQds9c,"Titanic Submarine Was Warned of ""Catastrophic Problems"", Pokimane vs Kick, Bible Banned in Utah"
4,https://www.youtube.com/watch?v=ac7xfsHsQDU,Youtuber Sued for $1.8 Million and it's the Worst Lawsuit Ever
5,https://www.youtube.com/watch?v=fZhRZIqJy-c,The Greediest Streamer on Twitch
6,https://www.youtube.com/watch?v=tTwBjUapel0,The Twitch Streamer Who Faked His Disability
7,https://www.youtube.com/watch?v=az_FrNiHK8U,PhantomL0rd Sued Twitch and WON
8,https://www.youtube.com/watch?v=FbdlPlOXtYc,Top 10 Times Video Game Streamers Got What They Deserved
9,https://www.youtube.com/watch?v=9paPxc6MG2w,The Most Hated Man On Twitch
10,https://www.youtube.com/watch?v=7LVL43sxXWs,Top 10 Biggest Twitch Controversies
11,https://www.youtube.com/watch?v=PaKQoG8mdiI,Twitch Staff HARASSES Streamer Live And Humiliates Himself...
12,https://www.youtube.com/watch?v=JmyGGnUx4C4,Asmongold on DrDisrespect Twitch Lawsuit: $7 Million Settlement?
13,https://www.youtube.com/watch?v=KCP-HgHjioE,"AdrianahLee SUING Mizkif, OTK | Fuslie Recalls Trainwreckstv Drama"
14,https://www.youtube.com/watch?v=NkIQ2rSYPIY,Destiny Pushes Back Against Pokimane Claims About Twitch Vs Kick
15,https://www.youtube.com/watch?v=P27Jz3u626w,Destiny Denied by Twitch | xQc Gets KICK Warning from STAFF
16,https://www.youtube.com/watch?v=ceBHmK-HWLk,Twitch's NEW 70/30 REVENUE SPLIT -- How Many Streamers Will Actually Get It?
17,https://www.youtube.com/watch?v=vpANsey3ClA,This Banned Streamer is Suing Twitch
18,https://www.youtube.com/watch?v=2I2oAr-fx_8,Dr Disrespect Just Announced Results Of Twitch Lawsuit! How Much Did He Get Paid? Is He Coming Back?
19,https://www.youtube.com/watch?v=nn3ooX40h8Q,OTK and Mizkif File 476 Pages against Adrianah Lee in Defamation Lawsuit
