0,https://www.youtube.com/results?search_query=Twitch+scam+cases
1,https://www.youtube.com/watch?v=mpOwe25OO4Y
2,https://www.youtube.com/watch?v=GTqAQ-vdvAo
3,https://www.youtube.com/watch?v=MLeniaWQYj8
4,https://www.youtube.com/watch?v=AOsxHFK7qgE
5,https://www.youtube.com/watch?v=5FnTsIO65oo
6,https://www.youtube.com/watch?v=ueVwFWuMcqk
7,https://www.youtube.com/watch?v=3NBmsS8gv0A
8,https://www.youtube.com/watch?v=9paPxc6MG2w
9,https://www.youtube.com/watch?v=9zJlwsXBnEQ
10,https://www.youtube.com/watch?v=CQWg9Jb_Opw
11,https://www.youtube.com/watch?v=gtlH1EosM6w
12,https://www.youtube.com/watch?v=NGrHK9Hbd0g
13,https://www.youtube.com/watch?v=YgBGNf1feF8
14,https://www.youtube.com/watch?v=jFDRvMH4xZg
15,https://www.youtube.com/watch?v=tTwBjUapel0
16,https://www.youtube.com/watch?v=_gY-trNh6nM
17,https://www.youtube.com/watch?v=hhLhdGOlvjc
18,https://www.youtube.com/watch?v=gPVRDt_WY4o
19,https://www.youtube.com/watch?v=jiEdCQTtVhQ
