0,https://www.youtube.com/results?search_query=Twitch+scams+exposed
1,https://www.youtube.com/watch?v=5FnTsIO65oo
2,https://www.youtube.com/watch?v=GTqAQ-vdvAo
3,https://www.youtube.com/watch?v=AOsxHFK7qgE
4,https://www.youtube.com/watch?v=NGErMDEqHig
5,https://www.youtube.com/watch?v=cMIgyS34MxA
6,https://www.youtube.com/watch?v=eTB8QJbk2p0
7,https://www.youtube.com/watch?v=smCcIFiVU1A
8,https://www.youtube.com/watch?v=NGrHK9Hbd0g
9,https://www.youtube.com/watch?v=voA3oYU-8qc
10,https://www.youtube.com/watch?v=YgBGNf1feF8
11,https://www.youtube.com/watch?v=tTwBjUapel0
12,https://www.youtube.com/watch?v=S5QfPyY6TAs
13,https://www.youtube.com/watch?v=VoxqDZ1StZ4
14,https://www.youtube.com/watch?v=gPVRDt_WY4o
15,https://www.youtube.com/watch?v=6I6JuZXl2RM
16,https://www.youtube.com/watch?v=L96WllYCWNk
17,https://www.youtube.com/watch?v=aR8BMNm-lCk
18,https://www.youtube.com/watch?v=A7MaoD4tJuc
19,https://www.youtube.com/watch?v=PMOsAFfZ-1g
