0,https://www.youtube.com/results?search_query=xqc+illegal+gambling
1,https://www.youtube.com/watch?v=dwarS8hATKE
2,https://www.youtube.com/watch?v=VkacnrRFf28
3,https://www.youtube.com/shorts/NnL0AvmlWmM
4,https://www.youtube.com/watch?v=ScG1-1gouEw
5,https://www.youtube.com/watch?v=cvRrchSG8E8
6,https://www.youtube.com/watch?v=BiQBI678Nq0
7,https://www.youtube.com/watch?v=9BokBevGCxQ
8,https://www.youtube.com/watch?v=rCa_n3IgIo4
9,https://www.youtube.com/shorts/392hBG_wf1U
10,https://www.youtube.com/shorts/frCU8qKOGzQ
11,https://www.youtube.com/watch?v=_zkkaVUxoz8
12,https://www.youtube.com/watch?v=5t2MsZO2BQU
13,https://www.youtube.com/watch?v=rqv8bx2EdAw
14,https://www.youtube.com/watch?v=8LPzIDAhy3o
15,https://www.youtube.com/watch?v=PBmNjuXUwr4
16,https://www.youtube.com/watch?v=J3qIB44H19A
17,https://www.youtube.com/watch?v=G-fEa6i4GwI
18,https://www.youtube.com/watch?v=w9wBCZXN5ZQ
19,https://www.youtube.com/shorts/Uu2VY7qPzKY
