0,https://www.youtube.com/results?search_query=xqc+gambling
1,https://www.youtube.com/watch?v=a7kGifh-3Ds
2,https://www.youtube.com/watch?v=rqv8bx2EdAw
3,https://www.youtube.com/watch?v=JZnt63LABw4
4,https://www.youtube.com/watch?v=y8RGK9GNAD4
5,https://www.youtube.com/watch?v=_b3v1VdpZg0
6,https://www.youtube.com/watch?v=5t2MsZO2BQU
7,https://www.youtube.com/watch?v=ckFOD9xJiJk
8,https://www.youtube.com/watch?v=jnnWMaKujjQ
9,https://www.youtube.com/watch?v=fu_RYyQRC1g
10,https://www.youtube.com/watch?v=_zkkaVUxoz8
11,https://www.youtube.com/watch?v=PBmNjuXUwr4
12,https://www.youtube.com/watch?v=J3qIB44H19A
13,https://www.youtube.com/watch?v=zxVdQ7ZGE5E
14,https://www.youtube.com/watch?v=xOzk7skOo3Y
15,https://www.youtube.com/watch?v=LHEzaMQ0PVQ
16,https://www.youtube.com/watch?v=VkacnrRFf28
17,https://www.youtube.com/watch?v=XQJXe5ZpjII
18,https://www.youtube.com/watch?v=ZNYK0BQUYcM
19,https://www.youtube.com/watch?v=2tMlyoQb6ZA
