0,https://www.youtube.com/results?search_query=Crypto+scams+on+Twitch
1,https://www.youtube.com/watch?v=CpR2kMxy7O8
2,https://www.youtube.com/watch?v=cMIgyS34MxA
3,https://www.youtube.com/watch?v=NGErMDEqHig
4,https://www.youtube.com/watch?v=FZx9oBH1FLY
5,https://www.youtube.com/watch?v=smCcIFiVU1A
6,https://www.youtube.com/watch?v=I8AcHRQ_2oo
7,https://www.youtube.com/watch?v=QwNtDvSDTNc
8,https://www.youtube.com/watch?v=A7MaoD4tJuc
9,https://www.youtube.com/watch?v=5FnTsIO65oo
10,https://www.youtube.com/watch?v=VoxqDZ1StZ4
11,https://www.youtube.com/watch?v=2cgF2tECvzQ
12,https://www.youtube.com/watch?v=hs0aUmcbKaU
13,https://www.youtube.com/watch?v=6Y_7Qq3Rehs
14,https://www.youtube.com/watch?v=AOsxHFK7qgE
15,https://www.youtube.com/watch?v=GTqAQ-vdvAo
16,https://www.youtube.com/watch?v=ORdWE_ffirg
17,https://www.youtube.com/watch?v=ZpqreZlmHGU
18,https://www.youtube.com/watch?v=QBTeXzR4ZhU
19,https://www.youtube.com/watch?v=NGrHK9Hbd0g
