0,https://www.youtube.com/results?search_query=twitch+staff+crimes
1,https://www.youtube.com/watch?v=eOdrwIbyYIQ
2,https://www.youtube.com/watch?v=lAIobJO-94Y
3,https://www.youtube.com/watch?v=NaiT_fh-qg8
4,https://www.youtube.com/watch?v=PaKQoG8mdiI
5,https://www.youtube.com/watch?v=zaOSe6Xp6NQ
6,https://www.youtube.com/watch?v=NHYcu2TQoGQ
7,https://www.youtube.com/watch?v=qfcAxHY4X7s
8,https://www.youtube.com/watch?v=6fhXZVawXzA
9,https://www.youtube.com/watch?v=MgnVBB4K9Y0
10,https://www.youtube.com/watch?v=Ze6Gcua-bQk
11,https://www.youtube.com/shorts/PkLnyEvY-HM
12,https://www.youtube.com/watch?v=1zeYf_o8HrM
13,https://www.youtube.com/watch?v=9xP8a6x8DUs
14,https://www.youtube.com/watch?v=bZyd8qGWrWQ
15,https://www.youtube.com/watch?v=L52GGwMvwQs
16,https://www.youtube.com/watch?v=ihhgZlD5Uuo
17,https://www.youtube.com/watch?v=BA1tb0bAf8U
18,https://www.youtube.com/shorts/cARSerrng4g
19,https://www.youtube.com/watch?v=egA7IEdWKiM
