0,https://www.youtube.com/results?search_query=Fraud+on+Twitch
1,https://www.youtube.com/watch?v=GTqAQ-vdvAo
2,https://www.youtube.com/watch?v=9paPxc6MG2w
3,https://www.youtube.com/watch?v=AOsxHFK7qgE
4,https://www.youtube.com/watch?v=5FnTsIO65oo
5,https://www.youtube.com/watch?v=cMIgyS34MxA
6,https://www.youtube.com/watch?v=tTwBjUapel0
7,https://www.youtube.com/watch?v=gPVRDt_WY4o
8,https://www.youtube.com/watch?v=gfrybPNWGko
9,https://www.youtube.com/watch?v=LTiqn33zbpI
10,https://www.youtube.com/watch?v=ue8JWaLqAC0
11,https://www.youtube.com/watch?v=mpOwe25OO4Y
12,https://www.youtube.com/watch?v=npZC5wy8pi4
13,https://www.youtube.com/watch?v=mFwK7ZQds9c
14,https://www.youtube.com/watch?v=4nqzFs9nlBM
15,https://www.youtube.com/watch?v=FSfmEBGivkQ
16,https://www.youtube.com/watch?v=PMOsAFfZ-1g
17,https://www.youtube.com/watch?v=Gcq_ECqFHwA
18,https://www.youtube.com/watch?v=smCcIFiVU1A
19,https://www.youtube.com/watch?v=56jXFjGRhiw
