0,https://www.youtube.com/results?search_query=Gambling+scandals+in+streaming
1,https://www.youtube.com/watch?v=ObDAXqg9O3U
2,https://www.youtube.com/watch?v=z7ZRPWFM7nk
3,https://www.youtube.com/watch?v=ACJioasFLco
4,https://www.youtube.com/watch?v=xPQUarLEr9A
5,https://www.youtube.com/watch?v=MZOLwxCStAc
6,https://www.youtube.com/watch?v=ABj7peI_R2M
7,https://www.youtube.com/watch?v=ggD-SXILgEU
8,https://www.youtube.com/watch?v=flFt_nlmPbE
9,https://www.youtube.com/watch?v=4kHkYC3QC3U
10,https://www.youtube.com/watch?v=9iQJdOpA1aM
11,https://www.youtube.com/watch?v=kvT_yIVI2Qw
12,https://www.youtube.com/watch?v=Pm5bTZRhncY
13,https://www.youtube.com/watch?v=8u-AauMbWGg
14,https://www.youtube.com/watch?v=sFfbV-mL5W0
15,https://www.youtube.com/watch?v=Y-BDci9I9GE
16,https://www.youtube.com/watch?v=4qHXcIHi_Hw
17,https://www.youtube.com/watch?v=SGnOKbRDMIg
18,https://www.youtube.com/watch?v=IuJEAfJcz4A
19,https://www.youtube.com/watch?v=zvlRxzd5YUo
